<?xml version="1.0" encoding="UTF-8"?>
<flow xmlns="http://www.springframework.org/schema/webflow"
	xmlns:xsi="http://www.w3.org/2001/XMLSchema-instance"
	xsi:schemaLocation="http://www.springframework.org/schema/webflow
        http://www.springframework.org/schema/webflow/spring-webflow-2.0.xsd">
     
    <input name="financialTemplateTypeCode" />
    <input name="taskId" />
    <on-start>
		<evaluate expression="financialTemplateController.getFinancialTemplates(financialTemplateTypeCode,taskId)" result="flowScope.financialStatementVO" />
	</on-start> 
             
     <view-state id="manageFinancialTemplate" model="financialStatementVO">
     		<transition on="proceed" to="configureFinItemAssoc">
     			<set name="flowScope.returnString" value="''"></set>
				<evaluate expression="financialTemplateController.populateFinancialStatmentTemplates(financialStatementVO)" 
					result="flowScope.financialStatementVO" />
     		</transition>
     		<transition on="save" to="manageFinancialTemplate">
     			<evaluate expression="financialTemplateController.populateFinancialStatmentTemplates(financialStatementVO)" 
					result="flowScope.financialStatementVO" />
				<evaluate expression="financialTemplateController.financeTemplateUpdate(financialStatementVO,flowRequestContext, true, flowScope.taskId)" result="flowScope.returnString"/>
     		</transition>
     </view-state>
     
     <view-state id="configureFinItemAssoc" model="financialStatementVO">
     		<transition on="proceed" to="configureFinItem">
     			<set name="flowScope.returnString" value="''"></set>
     			<evaluate expression="financialTemplateController.getSignCodes()" result="flowScope.signCodes" />
     		</transition>
     		<transition on="back" to="manageFinancialTemplate">
	     		<evaluate expression="financialTemplateController.populateVOWithStatementTypes(financialStatementVO)" result="flowScope.financialStatementVO" />
     		</transition>     		
     		<transition on="save" to="configureFinItemAssoc">
				<evaluate expression="financialTemplateController.financeTemplateUpdate(financialStatementVO,flowRequestContext, true, flowScope.taskId)" result="flowScope.returnString"/>
     		</transition>      		
     </view-state>
     
     <view-state id="configureFinItem" model="financialStatementVO">
		<transition on="proceed" to="previewFinancialTemplate">			
     		<set name="flowScope.returnString" value="''"></set>
		</transition>
		<transition on="back" to="configureFinItemAssoc">
     	</transition> 
   	    <transition on="save" to="configureFinItem">
			<evaluate expression="financialTemplateController.financeTemplateUpdate(financialStatementVO,flowRequestContext, true, flowScope.taskId)" result="flowScope.returnString"/>
   		</transition>  
	</view-state>

	<view-state id="previewFinancialTemplate" model="financialStatementVO">
		<transition on="proceed" to="previewFinancialTemplate">			
     		<set name="flowScope.returnString" value="''"></set>
			<evaluate
				expression="financialTemplateController.financeTemplateUpdate(financialStatementVO,flowRequestContext, false, flowScope.taskId)" result="flowScope.returnString"/>
		</transition>
		<transition on="back" to="configureFinItem">
		</transition>
   	    <transition on="save" to="previewFinancialTemplate">
			<evaluate expression="financialTemplateController.financeTemplateUpdate(financialStatementVO,flowRequestContext, true, flowScope.taskId)" result="flowScope.returnString" />
   		</transition>  		
    </view-state>              
</flow>
