<?xml version="1.0" encoding="UTF-8"?>
<beans  xmlns="http://www.springframework.org/schema/beans"
		xmlns:xsi="http://www.w3.org/2001/XMLSchema-instance" 
		xmlns:context="http://www.springframework.org/schema/context"
		xmlns:mvc="http://www.springframework.org/schema/mvc" 
		xmlns:util="http://www.springframework.org/schema/util"
		xsi:schemaLocation=
			"http://www.springframework.org/schema/beans 
			http://www.springframework.org/schema/beans/spring-beans-3.0.xsd
            http://www.springframework.org/schema/context 
            http://www.springframework.org/schema/context/spring-context.xsd
            http://www.springframework.org/schema/mvc 
            http://www.springframework.org/schema/mvc/spring-mvc.xsd
           	http://www.springframework.org/schema/util 
           	http://www.springframework.org/schema/util/spring-util-3.0.xsd">

	<context:component-scan base-package="com.dnb.dsc.refdata" />

	<context:annotation-config />
	
	<bean
		class="org.springframework.web.servlet.mvc.annotation.AnnotationMethodHandlerAdapter">
		<property name="messageConverters">
			<list>
				<ref bean="jsonConverter" />
			</list>
		</property>
	</bean>

	<bean id="jsonConverter"
		class="org.springframework.http.converter.json.MappingJacksonHttpMessageConverter">
		<property name="supportedMediaTypes" value="application/json" />
	</bean>	
	
	<!-- creates a java.util.Properties instance with values loaded from the supplied location -->
	<util:properties id="refDataProperties" location="file:/D:/oms/SoftImport/apache-tomcat-6.0.14/conf/refdata/refdata-env-config.properties" />

	<bean id="propertyConfigurer"
		class="org.springframework.beans.factory.config.PropertyPlaceholderConfigurer">
		<property name="properties">
			<ref local="refDataProperties" />
		</property>
	</bean>	
	
	<!-- Imports the configurations of the different infrastructure systems 
	of the application -->
	<import resource="classpath:refdata-applicationContext-dao.xml" />
	<import resource="classpath:refdata-applicationContext-core.xml" />
	<!-- restful web service exception handling starts -->
	<bean id="jacksonHttpMessageConverter" class="com.dnb.dsc.refdata.service.util.DefaultJacksonHttpMessageConverter">
        <property name="prettyPrint" value="false"/>
    </bean>
    <bean id="restExceptionResolver" class="com.dnb.dsc.refdata.service.util.RestExceptionHandler">
        <property name="messageConverters">
            <list>
                <ref bean="jacksonHttpMessageConverter"/>
            </list>
        </property>
    </bean>
	<!-- restful web service exception handling ends -->
</beans>
