<?xml version="1.0" encoding="UTF-8"?>
<beans xmlns="http://www.springframework.org/schema/beans"
	xmlns:xsi="http://www.w3.org/2001/XMLSchema-instance" 
	xmlns:context="http://www.springframework.org/schema/context"
	xmlns:tx="http://www.springframework.org/schema/tx" 
	xmlns:ehcache="http://ehcache-spring-annotations.googlecode.com/svn/schema/ehcache-spring"
	xsi:schemaLocation="
           http://www.springframework.org/schema/beans
           http://www.springframework.org/schema/beans/spring-beans-3.0.xsd
           http://www.springframework.org/schema/context
           http://www.springframework.org/schema/context/spring-context-2.5.xsd
           http://www.springframework.org/schema/tx 
       	   http://www.springframework.org/schema/tx/spring-tx-3.0.xsd
       	   http://www.springframework.org/schema/aop 
           http://www.springframework.org/schema/aop/spring-aop-3.0.xsd
           http://www.springframework.org/schema/aop 
           http://www.springframework.org/schema/aop/spring-aop-3.0.xsd
           http://www.springframework.org/schema/util 
           http://www.springframework.org/schema/util/spring-util-3.0.xsd
           http://ehcache-spring-annotations.googlecode.com/svn/schema/ehcache-spring 
           http://ehcache-spring-annotations.googlecode.com/svn/schema/ehcache-spring/ehcache-spring-1.1.xsd">

	<context:component-scan base-package="com.dnb.dsc.refdata" />

	<context:annotation-config />

	<tx:annotation-driven />

	<!-- EhCache configurations -->
	 <ehcache:annotation-driven cache-manager="cacheManager"	create-missing-caches="true" />

	<bean id="cacheManager"
		class="org.springframework.cache.ehcache.EhCacheManagerFactoryBean">
		<property name="configLocation" value="classpath:ehcache.xml" />
	</bean>

	<!-- The Oracle Data Source for Transactional DB -->
	<bean id="txnDataSource"
		class="org.springframework.jdbc.datasource.DriverManagerDataSource">
		<property name="driverClassName" value="oracle.jdbc.OracleDriver" />
		  <property name="url"
			value="jdbc:oracle:thin:@10.163.40.81:1521/sorise.uk.dnb.com" /> 
			<!-- <property name="url"
			value="jdbc:oracle:thin:@158.151.32.136:1521/sorstg.us.dnb.com" /> -->  <!-- \\staging -->
		
		<property name="username" value="soruiconfig" />
		<property name="password" value="soruiconfig" />
	</bean>

	<!-- The Oracle Data Source for Staging SoR -->
	<bean id="stgDataSource"
		class="org.springframework.jdbc.datasource.DriverManagerDataSource">
		<property name="driverClassName" value="oracle.jdbc.OracleDriver" />
	 <property name="url"
			value="jdbc:oracle:thin:@10.163.40.81:1521/sorise.uk.dnb.com" />  
			<!-- <property name="url"
			value="jdbc:oracle:thin:@158.151.32.136:1521/sorstg.us.dnb.com" /> -->
		
		<property name="username" value="SORUSR" />
		<property name="password" value="SORUSR" />
	</bean>

	<!-- JPA Transaction Manager for Staging SoR -->
	<bean id="stgTransactionManager" class="org.springframework.orm.jpa.JpaTransactionManager">
		<property name="entityManagerFactory" ref="stgEntityManagerFactory" />
	</bean>

	<!-- JPA Transaction Manager for Transactional DB -->
	<bean id="txnTransactionManager" class="org.springframework.orm.jpa.JpaTransactionManager">
		<property name="entityManagerFactory" ref="txnEntityManagerFactory" />
	</bean>

	<!-- Entity Manager Factory definition for Transactional DB -->
	<bean id="txnEntityManagerFactory"
		class="org.springframework.orm.jpa.LocalContainerEntityManagerFactoryBean">
		<property name="dataSource" ref="txnDataSource" />
		<property name="persistenceUnitName" value="PU-Transactional" />
		<property name="persistenceXmlLocation" value="classpath:META-INF/persistence.xml" />
		<property name="jpaVendorAdapter">
			<bean class="org.springframework.orm.jpa.vendor.HibernateJpaVendorAdapter">
				<property name="showSql" value="true" />
			</bean>
		</property>

		<property name="jpaProperties">
			<props>
				<prop key="hibernate.ejb.naming_strategy">org.hibernate.cfg.ImprovedNamingStrategy</prop>
			</props>
		</property>
	</bean>

	<!-- Entity Manager Factory definition for Staging SoR -->
	<bean id="stgEntityManagerFactory"
		class="org.springframework.orm.jpa.LocalContainerEntityManagerFactoryBean">
		<property name="dataSource" ref="stgDataSource" />
		<property name="persistenceUnitName" value="PU-Staging" />
		<property name="persistenceXmlLocation" value="classpath:META-INF/persistence.xml" />
		<property name="jpaVendorAdapter">
			<bean class="org.springframework.orm.jpa.vendor.HibernateJpaVendorAdapter">
				<property name="showSql" value="true" />
			</bean>
		</property>

		<property name="jpaProperties">
			<props>
				<prop key="hibernate.ejb.naming_strategy">org.hibernate.cfg.ImprovedNamingStrategy</prop>
			</props>
		</property>
	</bean>

</beans>
