<?xml version="1.0" encoding="UTF-8"?>
<beans xmlns="http://www.springframework.org/schema/beans"
	   xmlns:xsi="http://www.w3.org/2001/XMLSchema-instance" 
	   xmlns:context="http://www.springframework.org/schema/context"	
       xmlns:util="http://www.springframework.org/schema/util"
	   xsi:schemaLocation="
           http://www.springframework.org/schema/beans
           http://www.springframework.org/schema/beans/spring-beans-3.0.xsd
           http://www.springframework.org/schema/context
           http://www.springframework.org/schema/context/spring-context-2.5.xsd
           http://www.springframework.org/schema/util 
           http://www.springframework.org/schema/util/spring-util-3.0.xsd">

	<context:component-scan base-package="com.dnb.dsc.refdata" />

	<context:annotation-config />
	<bean id="customErrorHandler " class="com.dnb.dsc.refdata.web.util.CustomResponseErrorHandler" />
	<bean id="restTemplate" class="org.springframework.web.client.RestTemplate">
		<property name="messageConverters">
			<list>
				<ref bean="jsonConverter" />
			</list>
		</property>
		<property name="errorHandler" ref="customErrorHandler" />
	</bean>

	<bean id="jsonConverter"
		class="org.springframework.http.converter.json.MappingJacksonHttpMessageConverter">
		<property name="supportedMediaTypes" value="application/json" />
	</bean>
	
	<!-- creates a java.util.Properties instance with values loaded from the supplied location -->
	<util:properties id="refDataProperties" location="file:/D:/oms/SoftImport/apache-tomcat-6.0.14/conf/refdata/refdata-env-config.properties" />

	<bean id="propertyConfigurer"
		class="org.springframework.beans.factory.config.PropertyPlaceholderConfigurer">
		<property name="properties">
			<ref local="refDataProperties" />
		</property>
	</bean>	 
	
	<bean id="multipartResolver"
	    class="org.springframework.web.multipart.commons.CommonsMultipartResolver">	
	    <!-- one of the properties available; the maximum file size in bytes -->
	    <property name="maxUploadSize" value="1000000000"/>
	</bean>	 
</beans>
