<configuration>
	<property resource="slf4j-logger.properties" />
	
	<appender name="ROLLING" class="ch.qos.logback.core.rolling.RollingFileAppender">	
		<file>${refdata.logback.file.location}/${refdata.logback.file.name}.log</file>
		
		<rollingPolicy class="ch.qos.logback.core.rolling.TimeBasedRollingPolicy">
			<!-- daily rollover -->
			<fileNamePattern>${refdata.logback.file.location}/${refdata.logback.file.name}.%d{yyyy-MM-dd}.%i.log</fileNamePattern>	
			<!-- or whenever the file size reaches 100MB -->	
			<timeBasedFileNamingAndTriggeringPolicy class="ch.qos.logback.core.rolling.SizeAndTimeBasedFNATP">
				<maxFileSize>10MB</maxFileSize>
			</timeBasedFileNamingAndTriggeringPolicy>
		</rollingPolicy>    
		<encoder>
			<pattern>%d{HH:mm:ss.SSS} - %msg%n</pattern>
		</encoder>
	</appender>
	
	<appender name="AUDIT" class="ch.qos.logback.core.rolling.RollingFileAppender">	
		<file>${refdata.logback.file.location}/${refdata.logback.trans.name}.log</file>
		
		<rollingPolicy class="ch.qos.logback.core.rolling.TimeBasedRollingPolicy">
			<!-- daily rollover -->
			<fileNamePattern>${refdata.logback.file.location}/${refdata.logback.trans.name}.%d{yyyy-MM-dd}.%i.log</fileNamePattern>	
			<!-- or whenever the file size reaches 100MB -->	
			<timeBasedFileNamingAndTriggeringPolicy class="ch.qos.logback.core.rolling.SizeAndTimeBasedFNATP">
				<maxFileSize>10MB</maxFileSize>
			</timeBasedFileNamingAndTriggeringPolicy>
		</rollingPolicy>    
		<encoder>
			<pattern>%msg%n</pattern>
		</encoder>
	</appender>
	
	<logger name="com.dnb.dsc.refdata.core.interceptor" level="DEBUG" additivity="false">
        <appender-ref ref="AUDIT"/>
    </logger>
    
    <logger name="org.hibernate" level="WARN" />    
	
	<root level="${refdata.logback.level}">
		<appender-ref ref="ROLLING" />
	</root>
</configuration>