<?xml version="1.0" encoding="UTF-8"?>
<beans xmlns="http://www.springframework.org/schema/beans"
	xmlns:xsi="http://www.w3.org/2001/XMLSchema-instance" xmlns:webflow="http://www.springframework.org/schema/webflow-config"
	xsi:schemaLocation="http://www.springframework.org/schema/webflow-config http://www.springframework.org/schema/webflow-config/spring-webflow-config-2.0.xsd 
	http://www.springframework.org/schema/beans http://www.springframework.org/schema/beans/spring-beans-3.0.xsd">
	

	<webflow:flow-executor id="flowExecutor"/>

	<!-- This creates an XmlFlowRegistryFactory bean -->
    <webflow:flow-registry id="flowRegistry" flow-builder-services="flowBuilderServices">
        	<webflow:flow-location path="/WEB-INF/pages/financialTemplate/finance.xml" />        	
    </webflow:flow-registry>
	

	<webflow:flow-builder-services id="flowBuilderServices"
		view-factory-creator="viewFactoryCreator" />  

	<bean id="viewFactoryCreator"
		class="org.springframework.webflow.mvc.builder.MvcViewFactoryCreator">
		<property name="viewResolvers">
			<list>
				<ref bean="viewResolver" />
			</list>
		</property>
	</bean>

	<!-- Enables FlowHandler URL mapping -->
	<bean class="org.springframework.webflow.mvc.servlet.FlowHandlerAdapter">
		<property name="flowExecutor" ref="flowExecutor" />
	</bean>

	<!-- Maps request paths to flows in the flowRegistry; e.g. a path of /hotels/booking 
		looks for a flow with id "hotels/booking" -->
	<bean class="org.springframework.webflow.mvc.servlet.FlowHandlerMapping">
		<property name="flowRegistry" ref="flowRegistry" />
		<property name="order" value="0" />
	</bean> 

</beans>
