<?xml version="1.0" encoding="UTF-8"?>
<beans xmlns="http://www.springframework.org/schema/beans"
       xmlns:xsi="http://www.w3.org/2001/XMLSchema-instance"
       xmlns:context="http://www.springframework.org/schema/context"
       xmlns:mvc="http://www.springframework.org/schema/mvc"
       xsi:schemaLocation="http://www.springframework.org/schema/beans http://www.springframework.org/schema/beans/spring-beans-3.0.xsd
            http://www.springframework.org/schema/context http://www.springframework.org/schema/context/spring-context.xsd
            http://www.springframework.org/schema/mvc http://www.springframework.org/schema/mvc/spring-mvc-3.0.xsd">
    <import resource="refdata-webflow.xml"/>          
	<context:component-scan base-package="com.dnb.dsc.refdata" />
	<mvc:annotation-driven />
	
	<bean id="viewResolver" class="org.springframework.js.ajax.AjaxUrlBasedViewResolver">
        <property name="viewClass" value="org.springframework.webflow.mvc.view.FlowAjaxTilesView"/>
	</bean>

	<bean id="tilesConfigurer"
		class="org.springframework.web.servlet.view.tiles2.TilesConfigurer">
		<property name="definitions">
			<list>
				<value>/WEB-INF/tiles-defs.xml</value>
			</list>
		</property>
	</bean>

	<bean id="messageSource"
		class="org.springframework.context.support.ResourceBundleMessageSource">
		<property name="basenames">
            <list>
                <value>/messages/refdataUIText_en</value>
                <value>/messages/refdataErrorText_en</value>
            </list>
            
        </property>
	</bean>
    <bean id="sessionManagementFilter" class="com.dnb.dsc.refdata.web.util.SessionManagementFilter"/>
    <bean class="org.springframework.web.servlet.handler.SimpleMappingExceptionResolver">
		<property name="exceptionMappings">
			<props>
				<prop key="com.dnb.dsc.refdata.core.vo.ReferenceDataExceptionVO">refDataError</prop>
				<prop key="java.lang.Exception">refDataError</prop>
			</props>
		</property>
	</bean>
	
</beans> 