<?xml version="1.0" encoding="UTF-8" ?>

<!DOCTYPE tiles-definitions PUBLIC
       "-//Apache Software Foundation//DTD Tiles Configuration 2.0//EN"
       "http://tiles.apache.org/dtds/tiles-config_2_0.dtd">

<tiles-definitions>

	<definition name="mainLayout" template="/WEB-INF/layout/mainLayout.jsp">
		<put-attribute name="title" value="DSC Reference Data Management" />
		<put-attribute name="header" value="/WEB-INF/layout/header.jsp" />
		<put-attribute name="menu" value="/WEB-INF/layout/menu.jsp" />
		<put-attribute name="content" value="" />
		<put-attribute name="footer" value="/WEB-INF/layout/footer.jsp" />
		<put-list-attribute name="cssInlcudes">
			<add-attribute value="./resources/jquery/css/demo_table.css"
				type="string" />
			<add-attribute value="./resources/jquery/css/demo_table_jui.css"
				type="string" />
			<add-attribute value="./resources/jquery/css/jquery-ui.css"
				type="string" />
			<add-attribute value="./resources/css/common.css" type="string" />
			<add-attribute value="./resources/custom.css" type="string" />
			<add-attribute
				value="./resources/jquery/css/custom-theme/jquery-ui-1.8.16.custom.css"
				type="string" />
		</put-list-attribute>
		<put-list-attribute name="jsIncludes">
			<add-attribute value="./resources/jquery/js/jquery-1.7.1.min.js"
				type="string" />
			<add-attribute value="./resources/jquery/js/jquery-ui-1.8.16.custom.min.js"
				type="string" />
			<add-attribute value="./resources/jquery/js/jquery-ui.min.js"
				type="string" />
			<add-attribute value="./resources/jquery/js/jquery.dataTables.min.js"
				type="string" />
			<add-attribute value="./resources/javascript/refdata.js"
				type="string" />
			<add-attribute value="./resources/javascript/spinner.js"
				type="string" />

		</put-list-attribute>
	</definition>

	<definition name="contentLayout" template="/WEB-INF/layout/contentLayout.jsp">
		<put-attribute name="content" value="" />
	</definition>

	<definition name="home" extends="mainLayout">
		<put-attribute name="title" value="Reference Data Management" />
		<put-attribute name="content"
			value="/WEB-INF/pages/home/refDataHome.jsp" />
	</definition>

	<definition name="backToHome" extends="contentLayout">
		<put-attribute name="content" value="" />
	</definition>

	<definition name="extendSession" extends="contentLayout">
		<put-attribute name="content" value="" />
	</definition>

	<definition name="geoNameCodeSearch" extends="mainLayout">
		<put-attribute name="title" value="Search by Geo Name/Code" />
		<put-attribute name="content"
			value="/WEB-INF/pages/geography/geoNameCodeSearch.jsp" />
	</definition>

	<definition name="geoUnitIdSearch" extends="mainLayout">
		<put-attribute name="title" value="Search by Geo Unit ID" />
		<put-attribute name="content"
			value="/WEB-INF/pages/geography/geoUnitIdSearch.jsp" />
	</definition>

	<definition name="geoUnitView" extends="mainLayout">
		<put-attribute name="title" value="Geography - View Geo Unit" />
		<put-attribute name="content"
			value="/WEB-INF/pages/geography/geoUnitView.jsp" />
	</definition>

	<definition name="geoSearchHome" extends="mainLayout">
		<put-attribute name="title" value="Search Geography" />
		<put-attribute name="content"
			value="/WEB-INF/pages/geography/geoSearchHome.jsp" />
	</definition>

	<definition name="approverWorkQueue" extends="mainLayout">
		<put-attribute name="title" value="Work Queue > Approver Queue" />
		<put-attribute name="content"
			value="/WEB-INF/pages/workQueue/approverWorkQueue.jsp" />
	</definition>

	<definition name="submitterWorkQueueHome" extends="mainLayout">
		<put-attribute name="title" value="Work Queue > Submitter Queue" />
		<put-attribute name="content"
			value="/WEB-INF/pages/workQueue/submitterWorkQueue.jsp" />
	</definition>

	<definition name="savedRecords" extends="mainLayout">
		<put-attribute name="title" value="Work Queue > Saved Records" />
		<put-attribute name="content"
			value="/WEB-INF/pages/workQueue/savedRecords.jsp" />
	</definition>

	<definition name="workQueueDetail" extends="mainLayout">
		<put-attribute name="title" value="Work Queue View" />
		<put-attribute name="content"
			value="/WEB-INF/pages/workQueue/workQueueDetail.jsp" />
	</definition>

	<definition name="xmlSchemaLabelSearch" extends="mainLayout">
		<put-attribute name="title" value="Search GSRL Metadata" />
		<put-attribute name="content"
			value="/WEB-INF/pages/xmlSchemaLabels/xmlSchemaLabelSearch.jsp" />
	</definition>

	<definition name="xmlSchemaLabelSearchView" extends="mainLayout">
		<put-attribute name="title" value="GSRL Metadata - View" />
		<put-attribute name="content"
			value="/WEB-INF/pages/xmlSchemaLabels/xmlSchemaLabelSearchView.jsp" />
	</definition>

	<definition name="crcyWorkQueueDetail" extends="mainLayout">
		<put-attribute name="title" value="Work Queue View" />
		<put-attribute name="content"
			value="/WEB-INF/pages/workQueue/currencyExchangeWorkQueueDetail.jsp" />
	</definition>

	<definition name="industryCodeWorkQueueDetail" extends="mainLayout">
		<put-attribute name="title" value="Work Queue View" />
		<put-attribute name="content"
			value="/WEB-INF/pages/workQueue/industryCodeWorkQueueDetail.jsp" />
	</definition>

	<definition name="codeTableWorkQueueDetail" extends="mainLayout">
		<put-attribute name="title" value="Work Queue View" />
		<put-attribute name="content"
			value="/WEB-INF/pages/workQueue/scotsWorkQueueDetail.jsp" />
	</definition>

	<definition name="codeValueWorkQueueDetail" extends="mainLayout">
		<put-attribute name="title" value="Work Queue View" />
		<put-attribute name="content"
			value="/WEB-INF/pages/workQueue/codeValueWorkQueueDetail.jsp" />
	</definition>

	<definition name="xmlSchemaWorkQueueDetail" extends="mainLayout">
		<put-attribute name="title" value="Work Queue View" />
		<put-attribute name="content"
			value="/WEB-INF/pages/workQueue/xmlSchemaWorkQueueDetail.jsp" />
	</definition>


	<definition name="countryGroupSearch" extends="mainLayout">
		<put-attribute name="title" value="Search Country Groups" />
		<put-attribute name="content"
			value="/WEB-INF/pages/geography/countryGroupSearch.jsp" />
	</definition>

	<definition name="addGeoUnit" extends="mainLayout">
		<put-attribute name="title" value="Add Geography" />
		<put-attribute name="content"
			value="/WEB-INF/pages/geography/addGeoUnit.jsp" />
	</definition>

	<definition name="countryGroupView" extends="mainLayout">
		<put-attribute name="title" value="Geography - View Country Groups" />
		<put-attribute name="content"
			value="/WEB-INF/pages/geography/geoUnitView.jsp" />
	</definition>

	<definition name="currencyExchange" extends="mainLayout">
		<put-attribute name="title" value="Search Currency Exchange" />
		<put-attribute name="content"
			value="/WEB-INF/pages/currencyExchange/currencyExchange.jsp" />
	</definition>

	<definition name="currencyView" extends="mainLayout">
		<put-attribute name="title" value="Currency Exchange View" />
		<put-attribute name="content"
			value="/WEB-INF/pages/currencyExchange/currencyExchangeView.jsp" />
	</definition>

	<!-- Added for Currency Bulk Upload -->
	<definition name="currencyBulkUpload" extends="mainLayout">
		<put-attribute name="title"
			value="Currency Exchange - Upload Bulk Files" />
		<put-attribute name="content"
			value="/WEB-INF/pages/currencyExchange/currencyBulkUpload.jsp" />
	</definition>

	<definition name="indsCodeSearch" extends="mainLayout">
		<put-attribute name="title" value="Search Industry Code Data" />
		<put-attribute name="content"
			value="/WEB-INF/pages/industryCode/industryCodeSearch.jsp" />
	</definition>

	<definition name="indsCodesDetail" extends="mainLayout">
		<put-attribute name="title" value="Industry Code Data - View" />
		<put-attribute name="content"
			value="/WEB-INF/pages/industryCode/industryCodeDetail.jsp" />
	</definition>

	<definition name="indsCodesAdd" extends="mainLayout">
		<put-attribute name="title" value="Add Industry Code Data" />
		<put-attribute name="content"
			value="/WEB-INF/pages/industryCode/industryCodeAdd.jsp" />
	</definition>

	<definition name="listCodeTable" extends="mainLayout">
		<put-attribute name="title" value="Search for Code Table by Dropdown" />
		<put-attribute name="content"
			value="/WEB-INF/pages/scots/listCodeTable.jsp" />
	</definition>

	<definition name="codeTableSearch" extends="mainLayout">
		<put-attribute name="title"
			value="Search for Code Table by Number/Keyword" />
		<put-attribute name="content"
			value="/WEB-INF/pages/scots/codeTableSearch.jsp" />
	</definition>

	<definition name="codeValueSearch" extends="mainLayout">
		<put-attribute name="title" value="Search Codes by Code Value" />
		<put-attribute name="content"
			value="/WEB-INF/pages/scots/codeValueSearch.jsp" />
	</definition>

	<definition name="codeValueView" extends="mainLayout">
		<put-attribute name="title" value="Code Value - View" />
		<put-attribute name="content"
			value="/WEB-INF/pages/scots/codeValueView.jsp" />
	</definition>

	<definition name="codeTableView" extends="mainLayout">
		<put-attribute name="title" value="Code Table - View" />
		<put-attribute name="content"
			value="/WEB-INF/pages/scots/codeTableView.jsp" />
	</definition>

	<definition name="manageSystemApplicability" extends="mainLayout">
		<put-attribute name="title" value="" />
		<put-attribute name="content"
			value="/WEB-INF/pages/scots/manageSystemApplicability.jsp" />
	</definition>

	<definition name="codeRelationshipView" extends="mainLayout">
		<put-attribute name="title" value="Manage SCoTS Code Relationship" />
		<put-attribute name="content"
			value="/WEB-INF/pages/scots/manageRelationship.jsp" />
	</definition>

	<definition name="codeAltSchemeView" extends="mainLayout">
		<put-attribute name="title" value="Manage SCoTS Alternate Code Scheme" />
		<put-attribute name="content"
			value="/WEB-INF/pages/scots/manageAltSchemeCode.jsp" />
	</definition>

	<definition name="workQueueDownload" extends="mainLayout">
		<put-attribute name="title" value="Work Queue > My Downloads" />
		<put-attribute name="content"
			value="/WEB-INF/pages/workQueue/workQueueDownloads.jsp" />
	</definition>

	<definition name="bulkTemplate" extends="mainLayout">
		<put-attribute name="title" value="Work Queue >Bulk Templates Download" />
		<put-attribute name="content"
			value="/WEB-INF/pages/workQueue/bulkTemplate.jsp" />
	</definition>

	<definition name="industryCodeBulkDownload" extends="mainLayout">
		<put-attribute name="title"
			value="Industry Codes - Download Bulk Files" />
		<put-attribute name="content"
			value="/WEB-INF/pages/industryCode/industryCodeBulkDownload.jsp" />
	</definition>

	<definition name="addCodeValue" extends="mainLayout">
		<put-attribute name="title" value="Add Code Value" />
		<put-attribute name="content"
			value="/WEB-INF/pages/scots/addCodeValue.jsp" />
	</definition>

	<definition name="addCodeTable" extends="mainLayout">
		<put-attribute name="title" value="Add Code Table" />
		<put-attribute name="content"
			value="/WEB-INF/pages/scots/addCodeTable.jsp" />
	</definition>

	<definition name="industryCodeBulkUpload" extends="mainLayout">
		<put-attribute name="title" value="Industry Codes - Upload Bulk Files" />
		<put-attribute name="content"
			value="/WEB-INF/pages/industryCode/industryCodeBulkUpload.jsp" />
	</definition>

	<definition name="controlWordsSearch" extends="mainLayout">
		<put-attribute name="title" value="Search Control Words" />
		<put-attribute name="content"
			value="/WEB-INF/pages/controlWords/controlWordsSearch.jsp" />
	</definition>

	<definition name="controlWordDetail" extends="mainLayout">
		<put-attribute name="title" value="Control Word Detail" />
		<put-attribute name="content"
			value="/WEB-INF/pages/controlWords/controlWordDetail.jsp" />
	</definition>

	<definition name="areaCodeNumbersSearch" extends="mainLayout">
		<put-attribute name="title" value="Search Area Code Numbers" />
		<put-attribute name="content"
			value="/WEB-INF/pages/controlWords/areaCodeNumbers.jsp" />
	</definition>
	<definition name="legalFormInferment" extends="mainLayout">
		<put-attribute name="title" value="Search Legal Form Inferment" />
		<put-attribute name="content"
			value="/WEB-INF/pages/controlWords/legalFormInferment.jsp" />
	</definition>
	<definition name="legalFormInfermentView" extends="mainLayout">
		<put-attribute name="title" value="Legal Form Inferment View" />
		<put-attribute name="content"
			value="/WEB-INF/pages/controlWords/legalFormInfermentView.jsp" />
	</definition>

	<definition name="addControlWordsText" extends="mainLayout">
		<put-attribute name="title" value="Add Control Words Text" />
		<put-attribute name="content"
			value="/WEB-INF/pages/controlWords/addControlWordsText.jsp" />
	</definition>

	<definition name="indsCodeSearchInferment" extends="mainLayout">
		<put-attribute name="title" value="Search Industry Code Inferment" />
		<put-attribute name="content"
			value="/WEB-INF/pages/controlWords/industryCodeInfermentSearch.jsp" />
	</definition>

	<definition name="indsCodeInfermentSearchView" extends="mainLayout">
		<put-attribute name="title" value="Industry Code Inferment - View" />
		<put-attribute name="content"
			value="/WEB-INF/pages/controlWords/industryCodeInfermentSearchView.jsp" />
	</definition>
	<definition name="addLegalFormInferment" extends="mainLayout">
		<put-attribute name="title" value="Add Legal Form Inferment" />
		<put-attribute name="content"
			value="/WEB-INF/pages/controlWords/addLegalFormInferment.jsp" />
	</definition>
	<definition name="geoBulkDownload" extends="mainLayout">
		<put-attribute name="title" value="Geography - Download Bulk Files" />
		<put-attribute name="content"
			value="/WEB-INF/pages/geography/geoBulkDownload.jsp" />
	</definition>
	<definition name="scotsBulkDownload" extends="mainLayout">
		<put-attribute name="title" value="SCoTS - Download Bulk Files" />
		<put-attribute name="content"
			value="/WEB-INF/pages/scots/scotsBulkDownload.jsp" />
	</definition>
	<definition name="addAreaCodeNumbers" extends="mainLayout">
		<put-attribute name="title" value="Add Area Code Numbers" />
		<put-attribute name="content"
			value="/WEB-INF/pages/controlWords/addAreaCodeNumbers.jsp" />
	</definition>
	<definition name="addindustryCodeInferment" extends="mainLayout">
		<put-attribute name="title" value="Add Industry Code Inferment" />
		<put-attribute name="content"
			value="/WEB-INF/pages/controlWords/addIndustryCodeInferment.jsp" />
	</definition>
	<definition name="geoBulkUpload" extends="mainLayout">
		<put-attribute name="title" value="Geography - Upload Bulk Files" />
		<put-attribute name="content"
			value="/WEB-INF/pages/geography/geoBulkUpload.jsp" />
	</definition>
	<definition name="manageFinancialTemplate" extends="mainLayout">
		<put-attribute name="title" value="Manage Financial Template" />
		<put-attribute name="content"
			value="/WEB-INF/pages/financialTemplate/manageFinancialTemplate.jsp" />
	</definition>
	<definition name="configureFinItemAssoc" extends="mainLayout">
		<put-attribute name="title"
			value="Configure Financial Item Associations" />
		<put-attribute name="content"
			value="/WEB-INF/pages/financialTemplate/configureFinanceItemAssociation.jsp" />
	</definition>

	<definition name="configureFinItem" extends="mainLayout">
		<put-attribute name="title" value="Configure Financial Items" />
		<put-attribute name="content"
			value="/WEB-INF/pages/financialTemplate/configureFinancialItems.jsp" />
	</definition>

	<definition name="previewFinancialTemplate" extends="mainLayout">
		<put-attribute name="title" value="Preview Financial Template" />
		<put-attribute name="content"
			value="/WEB-INF/pages/financialTemplate/previewFinancialTemplate.jsp" />
	</definition>

	<definition name="scotsBulkUpload" extends="mainLayout">
		<put-attribute name="title" value="SCoTS - Upload Bulk Files" />
		<put-attribute name="content"
			value="/WEB-INF/pages/scots/scotsBulkUpload.jsp" />
	</definition>
	<definition name="controlWordsBulkDownload" extends="mainLayout">
		<put-attribute name="title"
			value="Control Words - Download Bulk Files" />
		<put-attribute name="content"
			value="/WEB-INF/pages/controlWords/controlWordsBulkDownload.jsp" />
	</definition>
	<definition name="controlWordsBulkUpload" extends="mainLayout">
		<put-attribute name="title" value="Control Words - Upload Bulk Files" />
		<put-attribute name="content"
			value="/WEB-INF/pages/controlWords/controlWordsBulkUpload.jsp" />
	</definition>
	<definition name="refDataError" extends="mainLayout">
		<put-attribute name="title" value="Reference Data Management" />
		<put-attribute name="content"
			value="/WEB-INF/pages/home/refDataError.jsp" />
	</definition>
	<definition name="scoreSearch" extends="mainLayout">
		<put-attribute name="title" value="Score Mapping - Search Scores" />
		<put-attribute name="content"
			value="/WEB-INF/pages/scoring/scoreSearch.jsp" />
	</definition>
	<definition name="scoreReports" extends="mainLayout">
		<put-attribute name="title" value="Score Mapping - Score Reports" />
		<put-attribute name="content"
			value="/WEB-INF/pages/scoring/scoreReports.jsp" />
	</definition>
	<definition name="scoreProductMapping" extends="mainLayout">
		<put-attribute name="title"
			value="Score Product Mapping - Mapping of Scores to Products" />
		<put-attribute name="content"
			value="/WEB-INF/pages/scoring/scoreProductMapping.jsp" />
	</definition>

	<definition name="addNewProducts" extends="mainLayout">
		<put-attribute name="title" value="Score Mapping - Add New Product" />
		<put-attribute name="content"
			value="/WEB-INF/pages/product/addNewProducts.jsp" />
	</definition>

	<definition name="mappingScoreGran" extends="mainLayout">
		<put-attribute name="title"
			value="Score Mapping - Mapping Of Score to Granularity" />
		<put-attribute name="content"
			value="/WEB-INF/pages/scoring/scoreGranularityMapping.jsp" />
	</definition>
	<definition name="displaymappingScoreGran" extends="mainLayout">
		<put-attribute name="title"
			value="Score Mapping - Mapping Of Score to Granularity Result" />
		<put-attribute name="content"
			value="/WEB-INF/pages/scoring/scoreGranularityMappingResult.jsp" />
	</definition>
	<definition name="addingNewScore" extends="mainLayout">
		<put-attribute name="title" value="Score Mapping - Add New Score" />
		<put-attribute name="content"
			value="/WEB-INF/pages/scoring/addNewScore.jsp" />
	</definition>
	<definition name="addingNewScoreMapping" extends="mainLayout">
		<put-attribute name="title" value="Score Mapping - Score Mapping" />
		<put-attribute name="content"
			value="/WEB-INF/pages/scoring/scoreMapping.jsp" />
	</definition>
	<definition name="addingScoreOverrideMapping" extends="mainLayout">
		<put-attribute name="title"
			value="Score Mapping - Score Override Mapping" />
		<put-attribute name="content"
			value="/WEB-INF/pages/scoring/scoreOverrideMapping.jsp" />
	</definition>
	<definition name="scoreDetailsMap" extends="mainLayout">
		<put-attribute name="title"
			value="Score Mapping - Score Details Mapping" />
		<put-attribute name="content"
			value="/WEB-INF/pages/scoring/scoreDetailsMap.jsp" />
	</definition>
	<definition name="scoreSearchView" extends="mainLayout">
		<put-attribute name="title" value="Score Mapping - Edit Scores" />
		<put-attribute name="content"
			value="/WEB-INF/pages/scoring/scoreSearchView.jsp" />
	</definition>

	<definition name="addingOverrideLabelMapping" extends="mainLayout">
		<put-attribute name="title"
			value="Score Mapping - Override Label Mapping" />
		<put-attribute name="content"
			value="/WEB-INF/pages/scoring/overrideLabelMapping.jsp" />
	</definition>

	<definition name="productSearch" extends="mainLayout">
		<put-attribute name="title" value="Product - Search" />
		<put-attribute name="content"
			value="/WEB-INF/pages/product/productSearch.jsp" />
	</definition>
	<definition name="productSearchView" extends="mainLayout">
		<put-attribute name="title" value="Product - Edit" />
		<put-attribute name="content"
			value="/WEB-INF/pages/product/productSearchView.jsp" />
	</definition>
	<definition name="productScoreReport" extends="mainLayout">
		<put-attribute name="title" value="Product - Score Reports" />
		<put-attribute name="content"
			value="/WEB-INF/pages/product/productScoreReport.jsp" />
	</definition>
	<definition name="productScoreMapping" extends="mainLayout">
		<put-attribute name="title"
			value="Product-Resource and Score-Granularity Map" />
		<put-attribute name="content"
			value="/WEB-INF/pages/product/productScoreMapping.jsp" />
	</definition>
	<definition name="productScoreMappingSearch" extends="mainLayout">
		<put-attribute name="title"
			value="Product-Resource and Score-Granularity Map" />
		<put-attribute name="content"
			value="/WEB-INF/pages/product/productScoreMappingSearchResults.jsp" />
	</definition>
	<definition name="allSearchBkp" extends="mainLayout">
		<put-attribute name="title" value="Global Element - All Search" />
		<put-attribute name="content"
			value="/WEB-INF/pages/globalElement/globalElementSearch.jsp" />
	</definition>
	<definition name="glblHome" extends="mainLayout">
		<put-attribute name="title" value="Global Element - Home" />
		<put-attribute name="content"
			value="/WEB-INF/pages/globalElement/glblHome.jsp" />
	</definition>
	<definition name="addNewGlobalElement" extends="mainLayout">
		<put-attribute name="title" value="Global Element - Add" />
		<put-attribute name="content"
			value="/WEB-INF/pages/globalElement/addGlobalElement.jsp" />
	</definition>
	<definition name="geoCrossWalk" extends="mainLayout">
		<put-attribute name="title" value="Geography - Geography CrossWalk" />
		<put-attribute name="content"
			value="/WEB-INF/pages/geography/geoCrossWalk.jsp" />
	</definition>
	<definition name="editGlobalElement" extends="mainLayout">
		<put-attribute name="title" value="Global Element - Edit" />
		<put-attribute name="content"
			value="/WEB-INF/pages/globalElement/editGlobalElement.jsp" />
	</definition>
	<definition name="addCrosswalk" extends="mainLayout">
		<put-attribute name="title" value="Global Element - Crosswalk" />
		<put-attribute name="content"
			value="/WEB-INF/pages/globalElement/addCrosswalk.jsp" />
	</definition>


	<definition name="searchCrosswalk" extends="mainLayout">
		<put-attribute name="title" value="Global Element - Search Crosswalk" />
		<put-attribute name="content"
			value="/WEB-INF/pages/globalElement/searchCrosswalk.jsp" />
	</definition>

	<definition name="editCrosswalk" extends="mainLayout">
		<put-attribute name="title" value="Global Element - Crosswalk Edit" />
		<put-attribute name="content"
			value="/WEB-INF/pages/globalElement/editCrosswalk.jsp" />
	</definition>

	<definition name="glblEleDashborad" extends="mainLayout">
		<put-attribute name="title" value="Global Element - Dashborad" />
		<put-attribute name="content"
			value="/WEB-INF/pages/globalElement/dashboard.jsp" />
	</definition>

	<definition name="indsCrosswalkDashboard" extends="mainLayout">
		<put-attribute name="title"
			value="Industry Codes - Crosswalk Dashborad" />
		<put-attribute name="content"
			value="/WEB-INF/pages/industryCode/crosswalkDashboard.jsp" />
	</definition>

	<definition name="geoCurrencySearch" extends="mainLayout">
		<put-attribute name="title" value="Currency Exchange - Geo Currency" />
		<put-attribute name="content"
			value="/WEB-INF/pages/currencyExchange/geoCurrencySearch.jsp" />
	</definition>
	<definition name="geoCurrencyAdd" extends="mainLayout">
		<put-attribute name="title"
			value="Currency Exchange - Add Geo Currency" />
		<put-attribute name="content"
			value="/WEB-INF/pages/currencyExchange/geoCurrencyAdd.jsp" />
	</definition>

	<definition name="geoCurrencyView" extends="mainLayout">
		<put-attribute name="title" value="Geo Currency View" />
		<put-attribute name="content"
			value="/WEB-INF/pages/currencyExchange/geoCurrencyView.jsp" />
	</definition>


</tiles-definitions>